{
  "project_info": {
    "project_number": "431964780507",
    "project_id": "mobilehealth-a2112",
    "storage_bucket": "mobilehealth-a2112.firebasestorage.app"
  },
  "client": [
    {
      "client_info": {
        "mobilesdk_app_id": "1:431964780507:android:0157de7c061ff26c6cd9fe",
        "android_client_info": {
          "package_name": "com.mobilehealth"
        }
      },
      "oauth_client": [],
      "api_key": [
        {
          "current_key": "AIzaSyDZFco7tZZ5kTaluhfsitYE_BTh_O_RhdU"
        }
      ],
      "services": {
        "appinvite_service": {
          "other_platform_oauth_client": []
        }
      }
    }
  ],
  "configuration_version": "1"
}